t,x,z,vx,vz
0.0,0.0,0.5,1.4446020213193669,3.8522720568516444
0.005,0.007223010106596835,0.5192149852842581,1.4446020213193669,3.8337220568516446
0.01,0.01444602021319367,0.5383372205685165,1.4446020213193669,3.8151720568516443
0.015,0.021669030319790502,0.5573667058527746,1.4446020213193669,3.7966220568516444
0.02,0.02889204042638734,0.5763034411370329,1.4446020213193669,3.7780720568516446
0.025,0.03611505053298417,0.5951474264212911,1.4446020213193669,3.7595220568516443
0.03,0.043338060639581004,0.6138986617055493,1.4446020213193669,3.7409720568516445
0.035,0.05056107074617785,0.6325571469898076,1.4446020213193669,3.722422056851644
0.04,0.05778408085277468,0.6511228822740658,1.4446020213193669,3.7038720568516443
0.045,0.0650070909593715,0.669595867558324,1.4446020213193669,3.6853220568516445
0.05,0.07223010106596835,0.6879761028425823,1.4446020213193669,3.666772056851644
0.055,0.07945311117256518,0.7062635881268404,1.4446020213193669,3.6482220568516444
0.06,0.08667612127916201,0.7244583234110987,1.4446020213193669,3.6296720568516445
0.065,0.09389913138575885,0.7425603086953569,1.4446020213193669,3.6111220568516442
0.07,0.1011221414923557,0.7605695439796152,1.4446020213193669,3.5925720568516444
0.075,0.10834515159895251,0.7784860292638733,1.4446020213193669,3.5740220568516445
0.08,0.11556816170554936,0.7963097645481315,1.4446020213193669,3.5554720568516442
0.085,0.12279117181214619,0.8140407498323898,1.4446020213193669,3.5369220568516444
0.09,0.130014181918743,0.831678985116648,1.4446020213193669,3.5183720568516446
0.095,0.13723719202533985,0.8492244704009063,1.4446020213193669,3.4998220568516443
0.1,0.1444602021319367,0.8666772056851645,1.4446020213193669,3.4812720568516444
0.105,0.1516832122385335,0.8840371909694226,1.4446020213193669,3.4627220568516446
0.11,0.15890622234513035,0.9013044262536809,1.4446020213193669,3.4441720568516443
0.115,0.1661292324517272,0.9184789115379391,1.4446020213193669,3.4256220568516444
0.12,0.17335224255832402,0.9355606468221974,1.4446020213193669,3.4070720568516446
0.125,0.18057525266492086,0.9525496321064556,1.4446020213193669,3.3885220568516443
0.13,0.1877982627715177,0.9694458673907139,1.4446020213193669,3.3699720568516445
0.135,0.19502127287811455,0.9862493526749722,1.4446020213193669,3.3514220568516446
0.14,0.2022442829847114,1.0029600879592302,1.4446020213193669,3.3328720568516443
0.145,0.20946729309130818,1.0195780732434885,1.4446020213193669,3.3143220568516445
0.15,0.21669030319790503,1.0361033085277467,1.4446020213193669,3.2957720568516446
0.155,0.22391331330450187,1.0525357938120048,1.4446020213193669,3.2772220568516444
0.16,0.23113632341109872,1.068875529096263,1.4446020213193669,3.2586720568516445
0.165,0.23835933351769556,1.0851225143805212,1.4446020213193669,3.2401220568516447
0.17,0.24558234362429238,1.1012767496647795,1.4446020213193669,3.2215720568516444
0.17500000000000002,0.25280535373088925,1.117338234949038,1.4446020213193669,3.203022056851644
0.18,0.260028363837486,1.1333069702332959,1.4446020213193669,3.1844720568516447
0.185,0.2672513739440829,1.1491829555175543,1.4446020213193669,3.1659220568516444
0.19,0.2744743840506797,1.1649661908018125,1.4446020213193669,3.1473720568516446
0.195,0.28169739415727657,1.1806566760860706,1.4446020213193669,3.1288220568516443
0.2,0.2889204042638734,1.1962544113703288,1.4446020213193669,3.1102720568516444
0.20500000000000002,0.29614341437047026,1.211759396654587,1.4446020213193669,3.091722056851644
0.21,0.303366424477067,1.2271716319388453,1.4446020213193669,3.0731720568516443
0.215,0.3105894345836639,1.2424911172231035,1.4446020213193669,3.0546220568516445
0.22,0.3178124446902607,1.2577178525073618,1.4446020213193669,3.036072056851644
0.225,0.3250354547968576,1.27285183779162,1.4446020213193669,3.0175220568516443
0.23,0.3322584649034544,1.2878930730758784,1.4446020213193669,2.9989720568516445
0.23500000000000001,0.3394814750100512,1.3028415583601365,1.4446020213193669,2.980422056851644
0.24,0.34670448511664803,1.3176972936443947,1.4446020213193669,2.9618720568516443
0.245,0.3539274952232449,1.332460278928653,1.4446020213193669,2.9433220568516445
0.25,0.3611505053298417,1.347130514212911,1.4446020213193669,2.924772056851644
0.255,0.36837351543643854,1.3617079994971693,1.4446020213193669,2.9062220568516444
0.26,0.3755965255430354,1.3761927347814278,1.4446020213193669,2.8876720568516445
0.265,0.3828195356496322,1.3905847200656858,1.4446020213193669,2.8691220568516442
0.27,0.3900425457562291,1.404883955349944,1.4446020213193669,2.8505720568516444
0.275,0.3972655558628259,1.4190904406342022,1.4446020213193669,2.8320220568516445
0.28,0.4044885659694228,1.4332041759184606,1.4446020213193669,2.8134720568516443
0.28500000000000003,0.4117115760760196,1.4472251612027187,1.4446020213193669,2.7949220568516444
0.29,0.41893458618261636,1.4611533964869767,1.4446020213193669,2.7763720568516446
0.295,0.4261575962892132,1.474988881771235,1.4446020213193669,2.7578220568516443
0.3,0.43338060639581005,1.4887316170554934,1.4446020213193669,2.7392720568516444
0.305,0.44060361650240687,1.5023816023397516,1.4446020213193669,2.7207220568516446
0.31,0.44782662660900374,1.5159388376240097,1.4446020213193669,2.7021720568516443
0.315,0.45504963671560056,1.529403322908268,1.4446020213193669,2.6836220568516445
0.32,0.46227264682219743,1.5427750581925261,1.4446020213193669,2.6650720568516446
0.325,0.46949565692879425,1.5560540434767844,1.4446020213193669,2.6465220568516443
0.33,0.4767186670353911,1.5692402787610427,1.4446020213193669,2.6279720568516445
0.335,0.48394167714198794,1.582333764045301,1.4446020213193669,2.6094220568516446
0.34,0.49116468724858475,1.5953344993295593,1.4446020213193669,2.5908720568516443
0.34500000000000003,0.4983876973551816,1.6082424846138172,1.4446020213193669,2.572322056851644
0.35000000000000003,0.5056107074617785,1.6210577198980758,1.4446020213193669,2.553772056851644
0.355,0.5128337175683753,1.6337802051823338,1.4446020213193669,2.5352220568516444
0.36,0.520056727674972,1.646409940466592,1.4446020213193669,2.5166720568516445
0.365,0.5272797377815689,1.65894692575085,1.4446020213193669,2.4981220568516447
0.37,0.5345027478881658,1.6713911610351084,1.4446020213193669,2.4795720568516444
0.375,0.5417257579947625,1.6837426463193665,1.4446020213193669,2.4610220568516445
0.38,0.5489487681013594,1.6960013816036248,1.4446020213193669,2.4424720568516447
0.385,0.5561717782079563,1.7081673668878832,1.4446020213193669,2.4239220568516444
0.39,0.5633947883145531,1.7202406021721415,1.4446020213193669,2.405372056851644
0.395,0.5706177984211499,1.7322210874563995,1.4446020213193669,2.3868220568516443
0.4,0.5778408085277468,1.7441088227406578,1.4446020213193669,2.3682720568516444
0.405,0.5850638186343436,1.7559038080249163,1.4446020213193669,2.349722056851644
0.41000000000000003,0.5922868287409405,1.767606043309174,1.4446020213193669,2.3311720568516443
0.41500000000000004,0.5995098388475373,1.7792155285934328,1.4446020213193669,2.3126220568516445
0.42,0.606732848954134,1.7907322638776906,1.4446020213193669,2.294072056851644
0.425,0.6139558590607309,1.8021562491619492,1.4446020213193669,2.2755220568516448
0.43,0.6211788691673278,1.8134874844462068,1.4446020213193669,2.2569720568516445
0.435,0.6284018792739245,1.8247259697304654,1.4446020213193669,2.238422056851644
0.44,0.6356248893805214,1.8358717050147235,1.4446020213193669,2.2198720568516443
0.445,0.6428478994871183,1.8469246902989818,1.4446020213193669,2.2013220568516445
0.45,0.6500709095937152,1.85788492558324,1.4446020213193669,2.182772056851644
0.455,0.6572939197003119,1.8687524108674982,1.4446020213193669,2.1642220568516444
0.46,0.6645169298069088,1.8795271461517569,1.4446020213193669,2.1456720568516445
0.465,0.6717399399135057,1.8902091314360145,1.4446020213193669,2.1271220568516442
0.47000000000000003,0.6789629500201024,1.9007983667202732,1.4446020213193669,2.1085720568516444
0.47500000000000003,0.6861859601266993,1.9112948520045312,1.4446020213193669,2.0900220568516445
0.48,0.6934089702332961,1.9216985872887895,1.4446020213193669,2.0714720568516443
0.485,0.7006319803398929,1.9320095725730473,1.4446020213193669,2.0529220568516444
0.49,0.7078549904464898,1.9422278078573059,1.4446020213193669,2.0343720568516446
0.495,0.7150780005530866,1.9523532931415641,1.4446020213193669,2.0158220568516443
0.5,0.7223010106596834,1.962386028425822,1.4446020213193669,1.9972720568516444
0.505,0.7295240207662803,1.9723260137100804,1.4446020213193669,1.9787220568516444
0.51,0.7367470308728771,1.9821732489943384,1.4446020213193669,1.9601720568516443
0.515,0.743970040979474,1.9919277342785973,1.4446020213193669,1.9416220568516445
0.52,0.7511930510860708,2.0015894695628553,1.4446020213193669,1.9230720568516444
0.525,0.7584160611926677,2.0111584548471138,1.4446020213193669,1.9045220568516443
0.53,0.7656390712992645,2.020634690131372,1.4446020213193669,1.8859720568516443
0.535,0.7728620814058613,2.0300181754156297,1.4446020213193669,1.8674220568516444
0.54,0.7800850915124582,2.039308910699888,1.4446020213193669,1.8488720568516444
0.545,0.787308101619055,2.048506895984146,1.4446020213193669,1.8303220568516445
0.55,0.7945311117256518,2.0576121312684044,1.4446020213193669,1.8117720568516442
0.555,0.8017541218322487,2.066624616552663,1.4446020213193669,1.7932220568516444
0.56,0.8089771319388456,2.075544351836921,1.4446020213193669,1.774672056851644
0.5650000000000001,0.8162001420454423,2.0843713371211794,1.4446020213193669,1.7561220568516442
0.5700000000000001,0.8234231521520392,2.0931055724054373,1.4446020213193669,1.7375720568516444
0.5750000000000001,0.8306461622586361,2.1017470576896957,1.4446020213193669,1.719022056851644
0.58,0.8378691723652327,2.110295792973954,1.4446020213193669,1.7004720568516447
0.585,0.8450921824718296,2.1187517782582117,1.4446020213193669,1.6819220568516444
0.59,0.8523151925784264,2.12711501354247,1.4446020213193669,1.6633720568516446
0.595,0.8595382026850232,2.1353854988267287,1.4446020213193669,1.6448220568516447
0.6,0.8667612127916201,2.143563234110987,1.4446020213193669,1.6262720568516444
0.605,0.873984222898217,2.151648219395245,1.4446020213193669,1.6077220568516446
0.61,0.8812072330048137,2.159640454679503,1.4446020213193669,1.5891720568516443
0.615,0.8884302431114106,2.167539939963761,1.4446020213193669,1.5706220568516445
0.62,0.8956532532180075,2.1753466752480195,1.4446020213193669,1.5520720568516446
0.625,0.9028762633246044,2.183060660532278,1.4446020213193669,1.5335220568516443
0.63,0.9100992734312011,2.190681895816536,1.4446020213193669,1.5149720568516445
0.635,0.917322283537798,2.198210381100794,1.4446020213193669,1.4964220568516442
0.64,0.9245452936443949,2.2056461163850525,1.4446020213193669,1.4778720568516444
0.645,0.9317683037509916,2.2129891016693106,1.4446020213193669,1.4593220568516445
0.65,0.9389913138575885,2.220239336953569,1.4446020213193669,1.4407720568516442
0.655,0.9462143239641854,2.227396822237827,1.4446020213193669,1.4222220568516444
0.66,0.9534373340707822,2.234461557522085,1.4446020213193669,1.4036720568516445
0.665,0.960660344177379,2.2414335428063437,1.4446020213193669,1.3851220568516442
0.67,0.9678833542839759,2.248312778090602,1.4446020213193669,1.3665720568516444
0.675,0.9751063643905727,2.25509926337486,1.4446020213193669,1.3480220568516441
0.68,0.9823293744971695,2.2617929986591183,1.4446020213193669,1.3294720568516443
0.685,0.9895523846037664,2.2683939839433767,1.4446020213193669,1.3109220568516444
0.6900000000000001,0.9967753947103632,2.2749022192276347,1.4446020213193669,1.2923720568516441
0.6950000000000001,1.0039984048169601,2.281317704511893,1.4446020213193669,1.2738220568516443
0.7000000000000001,1.011221414923557,2.287640439796151,1.4446020213193669,1.255272056851644
0.705,1.0184444250301536,2.293870425080409,1.4446020213193669,1.2367220568516446
0.71,1.0256674351367505,2.3000076603646677,1.4446020213193669,1.2181720568516448
0.715,1.0328904452433472,2.3060521456489256,1.4446020213193669,1.1996220568516445
0.72,1.040113455349944,2.312003880933184,1.4446020213193669,1.1810720568516446
0.725,1.047336465456541,2.317862866217442,1.4446020213193669,1.1625220568516443
0.73,1.0545594755631378,2.3236291015017003,1.4446020213193669,1.1439720568516445
0.735,1.0617824856697347,2.3293025867859587,1.4446020213193669,1.1254220568516446
0.74,1.0690054957763315,2.334883322070217,1.4446020213193669,1.1068720568516444
0.745,1.0762285058829284,2.3403713073544754,1.4446020213193669,1.0883220568516445
0.75,1.083451515989525,2.3457665426387333,1.4446020213193669,1.0697720568516447
0.755,1.090674526096122,2.3510690279229918,1.4446020213193669,1.0512220568516444
0.76,1.0978975362027188,2.35627876320725,1.4446020213193669,1.0326720568516445
0.765,1.1051205463093157,2.361395748491508,1.4446020213193669,1.0141220568516442
0.77,1.1123435564159125,2.3664199837757662,1.4446020213193669,0.9955720568516444
0.775,1.1195665665225094,2.3713514690600244,1.4446020213193669,0.9770220568516446
0.78,1.1267895766291063,2.3761902043442826,1.4446020213193669,0.9584720568516443
0.785,1.1340125867357032,2.380936189628541,1.4446020213193669,0.9399220568516444
0.79,1.1412355968422998,2.385589424912799,1.4446020213193669,0.9213720568516441
0.795,1.1484586069488967,2.3901499101970574,1.4446020213193669,0.9028220568516443
0.8,1.1556816170554935,2.3946176454813157,1.4446020213193669,0.8842720568516445
0.805,1.1629046271620904,2.398992630765574,1.4446020213193669,0.8657220568516442
0.81,1.1701276372686873,2.4032748660498324,1.4446020213193669,0.8471720568516443
0.8150000000000001,1.1773506473752842,2.4074643513340903,1.4446020213193669,0.828622056851644
0.8200000000000001,1.184573657481881,2.411561086618349,1.4446020213193669,0.8100720568516442
0.8250000000000001,1.1917966675884777,2.4155650719026065,1.4446020213193669,0.7915220568516443
0.8300000000000001,1.1990196776950746,2.419476307186865,1.4446020213193669,0.772972056851644
0.835,1.2062642633532303,2.423294792471123,1.4545701152977188,0.7544220568516447
0.84,1.2135656804293597,2.4270205277553814,1.465973453550365,0.7358720568516444
0.845,1.2209237652726967,2.4306535130396396,1.4772372221806387,0.7173220568516445
0.85,1.228337820035129,2.434193748323898,1.4883614211885403,0.6987720568516447
0.855,1.2358071468685448,2.437641233608156,1.4993460505740697,0.6802220568516444
0.86,1.2433310479248323,2.4409959688924143,1.510191110337227,0.6616720568516445
0.865,1.2509088253558798,2.4442579541766722,1.520896600478012,0.6431220568516447
0.87,1.2585397813135752,2.4474271894609307,1.5314625209964243,0.6245720568516444
0.875,1.2662232179498067,2.450503674745189,1.5418888718924648,0.6060220568516446
0.88,1.2739584374164625,2.4534874100294473,1.5521756531661328,0.5874720568516443
0.885,1.2817447418654309,2.4563783953137053,1.5623228648174285,0.5689220568516444
0.89,1.2895814334485995,2.4591766305979634,1.572330506846352,0.5503720568516446
0.895,1.297467814317857,2.4618821158822217,1.5821985792529032,0.5318220568516443
0.9,1.3054031866250915,2.4644948511664797,1.5919270820370826,0.5132720568516445
0.905,1.3133868525221906,2.467014836450738,1.6015160151988892,0.49472205685164417
0.91,1.321418114161043,2.4694420717349965,1.6109653787383238,0.4761720568516443
0.915,1.3294962736935365,2.471776557019255,1.620275172655386,0.4576220568516445
0.92,1.3376206332715597,2.4740182923035134,1.629445396950076,0.4390720568516442
0.925,1.345790495047,2.476167277587771,1.6384760516223935,0.42052205685164434
0.93,1.3540051611717463,2.4782235128720287,1.647367136672339,0.40197205685164406
0.935,1.3622639337976863,2.480186998156287,1.6561186520999123,0.3834220568516442
0.9400000000000001,1.3705661150767081,2.4820577334405463,1.6647305979051135,0.36487205685164437
0.9450000000000001,1.3789110071607,2.4838357187248037,1.673202974087942,0.3463220568516441
0.9500000000000001,1.3872979122015503,2.485520954009062,1.6815357806483984,0.32777205685164423
0.9550000000000001,1.3957261323511467,2.487113439293321,1.6897290175864825,0.3092220568516444
0.96,1.4041949697613776,2.488613174577579,1.6977826849021942,0.29067205685164454
0.965,1.4127037265841311,2.490020159861837,1.705696782595534,0.2721220568516447
0.97,1.4212517049712956,2.4913343951460947,1.7134713106665014,0.2535720568516444
0.975,1.429838207074759,2.492555880430353,1.7211062691150965,0.23502205685164457
0.98,1.4384625350464093,2.4936846157146118,1.7286016579413193,0.21647205685164472
0.985,1.4471239910381348,2.4947206009988694,1.7359574771451696,0.19792205685164443
0.99,1.4558218772018239,2.4956638362831285,1.7431737267266478,0.1793720568516446
0.995,1.464555495689364,2.4965143215673864,1.750250406685754,0.1608220568516443
1.0,1.473324148652644,2.4972720568516444,1.757187517022488,0.14227205685164446
1.0050000000000001,1.482127138243552,2.4979370421359026,1.7639850577368494,0.12372205685164417
1.01,1.4909637666139752,2.498509277420161,1.7706430288288388,0.10517205685164432
1.0150000000000001,1.499833335915803,2.498988762704419,1.7771614302984555,0.08662205685164404
1.02,1.5087351483009226,2.499375497988677,1.7835402621457004,0.06807205685164419
1.025,1.5176685059212223,2.4996694832729354,1.7897795243705727,0.04952205685164479
1.03,1.5266327109285909,2.4998707185571947,1.795879216973073,0.030972056851644503
1.035,1.5356270654749158,2.4999792038414523,1.8018393399532011,0.012422056851644658
1.04,1.5446508717120857,2.4999949391257106,1.8076598933109567,-0.00612794314835563
1.045,1.553703431791988,2.4999179244099685,1.81334087704634,-0.024677943148355475
1.05,1.5627840478665118,2.499748159694227,1.8188822911593512,-0.04322794314835576
1.055,1.5718920220875443,2.4994856449784852,1.8242841356499901,-0.06177794314835516
1.06,1.5810266566069746,2.499130380262743,1.8295464105182568,-0.0803279431483559
1.065,1.5901872535766897,2.4986823655470016,1.834669115764151,-0.0988779431483553
1.07,1.5993731151485788,2.49814160083126,1.8396522513876736,-0.11742794314835558
1.075,1.608583543474529,2.4975080861155177,1.8444958173888233,-0.13597794314835543
1.08,1.6178178407064299,2.496781821399776,1.8491998137676007,-0.15452794314835572
1.085,1.6270753089961678,2.4959628066840343,1.8537642405240065,-0.17307794314835512
1.09,1.6363552504956325,2.4950510419682925,1.858189097658039,-0.1916279431483554
1.095,1.645656967356711,2.49404652725255,1.8624743851696997,-0.2101779431483557
1.1,1.6549797617312922,2.4929492625368086,1.8666201030589886,-0.22872794314835598
1.105,1.6643229357712634,2.491759247821067,1.8706262513259049,-0.24727794314835538
1.11,1.673685791628514,2.4904764831053257,1.8744928299704489,-0.26582794314835567
1.115,1.6830676314549309,2.489100968389584,1.8782198389926203,-0.2843779431483551
1.12,1.692467757402403,2.487632703673842,1.8818072783924202,-0.30292794314835625
1.125,1.7018854716228178,2.4860716889581003,1.8852551481698474,-0.32147794314835565
1.1300000000000001,1.711320076268064,2.4844179242423583,1.8885634483249025,-0.34002794314835594
1.135,1.7207708734900296,2.4826714095266165,1.891732178857585,-0.35857794314835534
1.1400000000000001,1.7302371654406028,2.4808321448108748,1.8947613397678955,-0.3771279431483556
1.145,1.7397182542716711,2.4789001300951328,1.897650931055834,-0.3956779431483559
1.1500000000000001,1.7492134421351238,2.476875365379391,1.9004009527213996,-0.4142279431483562
1.155,1.758722031182848,2.474757850663649,1.9030114047645932,-0.4327779431483556
1.16,1.768243323566732,2.4725475859479076,1.9054822871854145,-0.451327943148355
1.165,1.7777766214386648,2.4702445712321657,1.907813599983864,-0.4698779431483553
1.17,1.7873212269505334,2.4678488065164235,1.9100053431599404,-0.4884279431483556
1.175,1.7968764422542272,2.465360291800682,1.9120575167136453,-0.5069779431483559
1.18,1.8064415695016325,2.462779027084941,1.9139701206449777,-0.5255279431483553
1.185,1.8160159108446394,2.460105012369199,1.9157431549539379,-0.5440779431483556
1.19,1.8255987684351347,2.4573382476534573,1.9173766196405257,-0.562627943148355
1.195,1.8351894444250074,2.454478732937715,1.9188705147047411,-0.5811779431483561
1.2,1.8447872409661448,2.4515264682219735,1.9202248401465845,-0.5997279431483555
1.205,1.854391460210436,2.448481453506232,1.9214395959660555,-0.6182779431483558
1.21,1.8640014043097681,2.44534368879049,1.9225147821631545,-0.6368279431483552
1.215,1.8736163754160304,2.442113174074748,1.923450398737881,-0.6553779431483555
1.22,1.8832356756811097,2.4387899093590057,1.924246445690235,-0.6739279431483558
1.225,1.8928586072568954,2.435373894643264,1.9249029230202173,-0.6924779431483561
1.23,1.9024844722952745,2.4318651299275227,1.9254198307278267,-0.7110279431483555
1.235,1.9121125729481365,2.4282636152117805,1.9257971688130644,-0.7295779431483558
1.24,1.921742211367368,2.424569350496039,1.9260349372759296,-0.7481279431483552
1.245,1.9313726897048584,2.4207823357802964,1.9261331361164227,-0.7666779431483564
1.25,1.941003310112495,2.416902571064556,1.9260917653345435,-0.7852279431483558
1.2550000000000001,1.9506333747421665,2.412930056348814,1.9259108249302919,-0.803777943148356
1.26,1.9602621857457607,2.4088647916330723,1.9255903149036682,-0.8223279431483554
1.2650000000000001,1.969889045275166,2.4047067769173305,1.925130235254672,-0.8408779431483557
1.27,1.97951325548227,2.4004560122015883,1.9245305859833035,-0.859427943148356
1.2750000000000001,1.9891341185189617,2.3961124974858463,1.9237913670895628,-0.8779779431483563
1.28,1.9987509365371285,2.391676232770105,1.9229125785734502,-0.8965279431483557
1.285,2.0083630116886586,2.387147218054363,1.9218942204349647,-0.9150779431483551
1.29,2.0179696461254406,2.3825254533386215,1.9207362926741076,-0.9336279431483554
1.295,2.0275701419993624,2.377810938622879,1.9194387952908778,-0.9521779431483557
1.3,2.037163801462312,2.3730036739071374,1.918001728285276,-0.970727943148356
1.305,2.0467499266661777,2.3681036591913958,1.9164250916573016,-0.9892779431483554
1.31,2.0563278197628483,2.363110894475654,1.9147088854069552,-1.0078279431483557
1.315,2.0658967829042103,2.3580253797599124,1.9128531095342365,-1.026377943148355
1.32,2.075456118242153,2.3528471150441703,1.9108577640391455,-1.0449279431483554
1.325,2.0850051279285644,2.3475761003284292,1.908722848921682,-1.0634779431483556
1.33,2.0945431141153326,2.3422123356126874,1.9064483641818468,-1.082027943148356
1.335,2.104069378954345,2.3367558208969457,1.9040343098196388,-1.1005779431483553
1.34,2.1135832245974915,2.3312065561812036,1.901480685835059,-1.1191279431483556
1.345,2.1230839531966588,2.325564541465462,1.8987874922281067,-1.137677943148355
1.35,2.1325708669037358,2.3198297767497196,1.8959547289987821,-1.1562279431483562
1.355,2.1420432678706094,2.314002262033978,1.8929823961470857,-1.1747779431483556
1.36,2.151500458249169,2.3080819973182365,1.8898704936730162,-1.1933279431483559
1.365,2.1609417401913023,2.3020689826024947,1.886619021576575,-1.2118779431483553
1.37,2.1703664158488976,2.295963217886753,1.8832279798577614,-1.2304279431483556
1.375,2.1797737873738425,2.2897647031710107,1.8796973685165757,-1.2489779431483559
1.3800000000000001,2.189163156918026,2.283473438455269,1.8760271875530175,-1.2675279431483562
1.385,2.1985338266333354,2.277089423739527,1.8722174369670872,-1.2860779431483556
1.3900000000000001,2.2078850986716594,2.270612659023785,1.8682681167587845,-1.3046279431483558
1.395,2.217216275184886,2.2640431443080447,1.8641792269281094,-1.3231779431483552
1.4000000000000001,2.2265266583249037,2.257380879592302,1.8599507674750624,-1.3417279431483564
1.405,2.2358155502435997,2.2506258648765605,1.8555827383996428,-1.3602779431483558
1.41,2.2450822530928622,2.243778100160819,1.8510751397018514,-1.3788279431483552
1.415,2.2543260690245805,2.2368375854450773,1.8464279713816871,-1.3973779431483555
1.42,2.263546300190642,2.2298043207293357,1.8416412334391514,-1.415927943148355
1.425,2.2727422487429347,2.222678306013593,1.8367149258742428,-1.434477943148356
1.43,2.281913216833347,2.2154595412978515,1.8316490486869619,-1.4530279431483555
1.435,2.2910585066137674,2.2081480265821094,1.826443601877309,-1.4715779431483558
1.44,2.300177420236083,2.200743761866368,1.8210985854452837,-1.4901279431483552
1.445,2.309269259852183,2.193246747150626,1.8156139993908862,-1.5086779431483555
1.45,2.3183333276139546,2.185656982434884,1.8099898437141166,-1.5272279431483557
1.455,2.327368925673287,2.177974467719142,1.8042261184149746,-1.545777943148356
1.46,2.3363753561820673,2.1701992030034005,1.79832282349346,-1.5643279431483554
1.465,2.345351921292184,2.162331188287659,1.7922799589495737,-1.5828779431483557
1.47,2.354297923155525,2.154370423571918,1.7860975247833148,-1.6014279431483551
1.475,2.3632126639239797,2.1463169088561758,1.7797755209946837,-1.6199779431483554
1.48,2.372095445749435,2.138170644140434,1.7733139475836805,-1.6385279431483557
1.485,2.3809455707837794,2.129931629424692,1.7667128045503042,-1.657077943148356
1.49,2.389762341178901,2.1215998647089505,1.759972091894557,-1.6756279431483554
1.495,2.398545059086688,2.1131753499932087,1.7530918096164367,-1.6941779431483557
1.5,2.407293026659028,2.1046580852774666,1.7460719577159445,-1.712727943148355
1.5050000000000001,2.41600554604781,2.096048070561724,1.7389125361930793,-1.7312779431483563
1.51,2.4246819194049216,2.087345305845983,1.731613545047843,-1.7498279431483557
1.5150000000000001,2.4333214488822508,2.078549791130241,1.7241749842802336,-1.768377943148356
1.52,2.4419234366316864,2.0696615264144995,1.716596853890252,-1.7869279431483553
1.5250000000000001,2.4504871848051164,2.0606805116987577,1.708879153877898,-1.8054779431483556
1.53,2.4590119955544276,2.0516067469830155,1.7010218842431726,-1.824027943148356
1.5350000000000001,2.4674971710315106,2.042440232267273,1.693025044986074,-1.8425779431483562
1.54,2.4759420133882517,2.033180967551533,1.6848886361066038,-1.8611279431483556
1.545,2.484345824776539,2.0238289528357916,1.6766126576047613,-1.879677943148355
1.55,2.492707907348262,2.014384188120049,1.668197109480546,-1.8982279431483553
1.555,2.5010275632553074,2.004846673404307,1.6596419917339587,-1.9167779431483556
1.56,2.509304094649564,1.9952164086885649,1.650947304364999,-1.9353279431483559
1.565,2.51753680368292,1.985493393972824,1.6421130473736674,-1.9538779431483553
1.57,2.5257249925072633,1.9756776292570821,1.6331392207599633,-1.9724279431483556
1.575,2.5338679632744823,1.9657691145413407,1.6240258245238872,-1.990977943148355
1.58,2.541965018136465,1.9557678498255981,1.6147728586654382,-2.009527943148356
1.585,2.5500154592450994,1.9456738351098561,1.605380323184618,-2.0280779431483555
1.59,2.558018588752274,1.9354870703941147,1.5958482180814242,-2.046627943148356
1.595,2.5659737088098766,1.925207555678373,1.5861765433558588,-2.0651779431483552
1.6,2.573880121569795,1.914835290962631,1.576365299007921,-2.0837279431483555
1.605,2.581737129183918,1.9043702762468886,1.5664144850376116,-2.102277943148356
1.61,2.5895440338041342,1.8938125115311477,1.5563241014449292,-2.120827943148356
1.615,2.59730013758233,1.8831619968154065,1.546094148229875,-2.1393779431483555
1.62,2.6050047426703955,1.8724187320996641,1.535724625392448,-2.157927943148356
1.625,2.6126571512202172,1.8615827173839223,1.5252155329326496,-2.176477943148355
1.6300000000000001,2.6202566653836854,1.8506539526681802,1.514566870850478,-2.1950279431483564
1.635,2.6278025873126856,1.8396324379524387,1.5037786391459347,-2.2135779431483558
1.6400000000000001,2.635294219159107,1.8285181732366969,1.4928508378190188,-2.232127943148356
1.645,2.642730863074838,1.8173111585209556,1.4817834668697312,-2.2506779431483555
1.6500000000000001,2.650111821211767,1.8060113938052131,1.4705765262980708,-2.2692279431483557
1.655,2.6574363957217813,1.7946188790894713,1.4592300161040381,-2.287777943148356
1.6600000000000001,2.6647038887567702,1.783133614373729,1.447743936287633,-2.3063279431483563
1.665,2.6719136024686208,1.7715555996579875,1.4361182868488565,-2.3248779431483557
1.67,2.679064839009221,1.7598848349422465,1.4243530677877074,-2.343427943148355
1.675,2.6861569005304604,1.7481213202265042,1.4124482791041857,-2.3619779431483554
1.68,2.6931890891842256,1.7362650555107626,1.400403920798292,-2.3805279431483557
1.685,2.700160707122406,1.7243160407950207,1.3882199928700258,-2.399077943148356
1.69,2.707071056496889,1.7122742760792793,1.3758964953193873,-2.4176279431483554
1.695,2.7139194394595627,1.7001397613635376,1.3634334281463767,-2.4361779431483557
1.7,2.720705158162315,1.6879124966477965,1.350830791350994,-2.454727943148355
1.705,2.7274275147570353,1.6755924819320542,1.3380885849332387,-2.4732779431483554
1.71,2.7340858113956106,1.6631797172163116,1.3252068088931117,-2.4918279431483557
1.715,2.740679350229929,1.6506742025005696,1.3121854632306114,-2.510377943148356
1.72,2.7472074334118792,1.6380759377848282,1.2990245479457398,-2.5289279431483553
1.725,2.7536693630933495,1.6253849230690864,1.2857240630384954,-2.5474779431483556
1.73,2.760064441426227,1.6126011583533453,1.2722840085088793,-2.566027943148355
1.735,2.7663919705624007,1.599724643637602,1.2587043843568904,-2.584577943148356
1.74,2.7726512526537586,1.5867553789218611,1.2449851905825298,-2.6031279431483556
1.745,2.7788415898521888,1.573693364206119,1.2311264271857962,-2.621677943148356
1.75,2.784962284309579,1.5605385994903775,1.2171280941666913,-2.6402279431483553
1.7550000000000001,2.7910126381778184,1.5472910847746366,1.2029901915252128,-2.6587779431483556
1.76,2.796991953608794,1.5339508200588945,1.1887127192613633,-2.677327943148356
1.7650000000000001,2.8028995327543944,1.520517805343152,1.17429567737514,-2.695877943148356
1.77,2.808734677766508,1.506992040627411,1.1597390658665463,-2.7144279431483556
1.7750000000000001,2.8144966907970232,1.493373525911669,1.1450428847355791,-2.732977943148356
1.78,2.820184873997827,1.4796622611959274,1.1302071339822404,-2.7515279431483552
1.7850000000000001,2.8257985295208083,1.4658582464801846,1.115231813606529,-2.7700779431483564
1.79,2.831336959517855,1.4519614817644433,1.1001169236084456,-2.788627943148356
1.795,2.836799466140855,1.4379719670487017,1.0848624639879898,-2.8071779431483552
1.8,2.8421853515416977,1.4238897023329598,1.069468434745162,-2.8257279431483555
1.805,2.8474939178722694,1.4097146876172184,1.0539348358799616,-2.844277943148355
1.81,2.8527244672844594,1.3954469229014759,1.0382616673923888,-2.862827943148356
1.815,2.8578763019301556,1.381086408185734,1.0224489292824446,-2.8813779431483555
1.82,2.8629487239612468,1.3666331434699925,1.0064966215501265,-2.899927943148356
1.825,2.86794103552962,1.3520871287542517,0.9904047441954373,-2.918477943148355
1.83,2.8728525387871637,1.3374483640385098,0.9741732972183755,-2.9370279431483555
1.835,2.877682535885766,1.3227168493227675,0.9578022806189421,-2.9555779431483558
1.84,2.882430328977316,1.3078925846070257,0.9412916943971353,-2.974127943148356
1.845,2.8870952202137,1.2929755698912846,0.9246415385529569,-2.9926779431483554
1.85,2.8916765117468084,1.2779658051755423,0.9078518130864062,-3.0112279431483557
1.855,2.8961735057285276,1.2628632904598005,0.8909225179974835,-3.029777943148355
1.86,2.9005855043107456,1.2476680257440576,0.8738536532861876,-3.0483279431483563
1.865,2.904911809645352,1.232380011028317,0.8566452189525202,-3.0668779431483557
1.87,2.909151723884234,1.2169992463125743,0.8392972149964802,-3.085427943148356
1.875,2.9133045491792795,1.201525731596833,0.8218096414180687,-3.1039779431483554
1.8800000000000001,2.9173695876823773,1.1859594668810916,0.8041824982172847,-3.1225279431483557
1.885,2.921346141545415,1.1703004521653488,0.7864157853941277,-3.141077943148356
1.8900000000000001,2.9252335129202813,1.1545486874496067,0.768509502948599,-3.1596279431483563
1.895,2.9290310039588636,1.138704172733867,0.7504636508806984,-3.1781779431483557
1.9000000000000001,2.9327379168130507,1.1227669080181242,0.7322782291904238,-3.196727943148356
1.905,2.9363535536347305,1.106736893302383,0.7139532378777794,-3.2152779431483554
1.9100000000000001,2.939877216575791,1.0906141285866413,0.6954886769427607,-3.2338279431483556
1.915,2.943308207788121,1.0743986138708985,0.6768845463853711,-3.252377943148356
1.92,2.9466458294236078,1.0580903491551572,0.6581408462056089,-3.2709279431483553
1.925,2.94988938363414,1.0416893344394156,0.6392575764034742,-3.2894779431483556
1.93,2.9530381725716053,1.0251955697236745,0.6202347369789672,-3.308027943148355
1.935,2.9560914983878925,1.0086090550079323,0.6010723279320878,-3.3265779431483553
1.94,2.959048663234889,0.9919297902921898,0.5817703492628371,-3.3451279431483556
1.945,2.961908969264483,0.9751577755764478,0.5623288009712128,-3.363677943148356
1.95,2.964671718628564,0.9582930108607064,0.5427476830572174,-3.3822279431483553
1.955,2.967336213479018,0.9413354961449656,0.5230269955208481,-3.4007779431483556
1.96,2.9699017559677348,0.9242852314292245,0.5031667383621088,-3.419327943148355
1.965,2.972367648246602,0.9071422167134804,0.48316691158099523,-3.437877943148356
1.97,2.9747331924675073,0.8899064519977387,0.46302751517751084,-3.4564279431483556
1.975,2.9769976907823397,0.8725779372819975,0.4427485491516534,-3.474977943148356
1.98,2.9791604453429867,0.8551566725662569,0.4223300135034236,-3.4935279431483552
1.985,2.981220758301337,0.8376426578505152,0.40177190823282205,-3.5120779431483555
1.99,2.9831779318092777,0.8200358931347731,0.3810742333398487,-3.530627943148356
1.995,2.985031268018698,0.8023363784190298,0.3602369888245013,-3.549177943148356
2.0,2.9867800690814854,0.7845441137032889,0.33926017468678343,-3.5677279431483555
2.005,2.9884236371495287,0.7666590989875477,0.31814379092669254,-3.586277943148355
2.0100000000000002,2.989961274374715,0.7486813342718044,0.296887837544228,-3.604827943148356
2.015,2.9913922829089334,0.7306108195560626,0.2754923145393936,-3.6233779431483564
2.02,2.9927159649040718,0.7124475548403213,0.2539572219121865,-3.6419279431483558
2.025,2.993931622512018,0.6941915401245797,0.2322825596626066,-3.660477943148355
2.0300000000000002,2.9950385578846603,0.675842775408837,0.21046832779065305,-3.6790279431483563
2.035,2.9960360731738875,0.6574012606930957,0.18851452629632903,-3.6975779431483558
2.04,2.996923470531587,0.6388669959773541,0.16642115517963324,-3.716127943148356
2.045,2.9977000521096464,0.6202399812616122,0.14418821444056507,-3.7346779431483554
2.05,2.9983651200599546,0.6015202165458708,0.12181570407912413,-3.753227943148355
2.055,2.9989179765344005,0.5827077018301301,0.09930362409530888,-3.771777943148356
2.06,2.9993579236848706,0.563802437114389,0.07665197448912316,-3.7903279431483554
2.065,2.999684263663254,0.5448044223986468,0.053860755260565996,-3.8088779431483557
2.07,2.9998962986214393,0.5257136576829051,0.0309299664096361,-3.827427943148355
2.075,2.9999933307113134,0.5065301429671605,0.007859607936331878,-3.8459779431483563
2.08,3.0,0.5,0.0,0.0
2.085,3.0,0.5,0.0,0.0
2.09,3.0,0.5,0.0,0.0
2.095,3.0,0.5,0.0,0.0
2.1,3.0,0.5,0.0,0.0
2.105,3.0,0.5,0.0,0.0
2.11,3.0,0.5,0.0,0.0
2.115,3.0,0.5,0.0,0.0
2.12,3.0,0.5,0.0,0.0
2.125,3.0,0.5,0.0,0.0
2.13,3.0,0.5,0.0,0.0
2.1350000000000002,3.0,0.5,0.0,0.0
2.14,3.0,0.5,0.0,0.0
2.145,3.0,0.5,0.0,0.0
2.15,3.0,0.5,0.0,0.0
2.1550000000000002,3.0,0.5,0.0,0.0
2.16,3.0,0.5,0.0,0.0
2.165,3.0,0.5,0.0,0.0
2.17,3.0,0.5,0.0,0.0
2.1750000000000003,3.0,0.5,0.0,0.0
2.18,3.0,0.5,0.0,0.0
2.185,3.0,0.5,0.0,0.0
2.19,3.0,0.5,0.0,0.0
2.195,3.0,0.5,0.0,0.0
2.2,3.0,0.5,0.0,0.0
2.205,3.0,0.5,0.0,0.0
2.21,3.0,0.5,0.0,0.0
2.215,3.0,0.5,0.0,0.0
2.22,3.0,0.5,0.0,0.0
2.225,3.0,0.5,0.0,0.0
2.23,3.0,0.5,0.0,0.0
2.235,3.0,0.5,0.0,0.0
2.24,3.0,0.5,0.0,0.0
2.245,3.0,0.5,0.0,0.0
2.25,3.0,0.5,0.0,0.0
2.255,3.0,0.5,0.0,0.0
2.2600000000000002,3.0,0.5,0.0,0.0
2.265,3.0,0.5,0.0,0.0
2.27,3.0,0.5,0.0,0.0
2.275,3.0,0.5,0.0,0.0
2.2800000000000002,3.0,0.5,0.0,0.0
2.285,3.0,0.5,0.0,0.0
2.29,3.0,0.5,0.0,0.0
2.295,3.0,0.5,0.0,0.0
2.3000000000000003,3.0,0.5,0.0,0.0
2.305,3.0,0.5,0.0,0.0
2.31,3.0,0.5,0.0,0.0
2.315,3.0,0.5,0.0,0.0
2.32,3.0,0.5,0.0,0.0
2.325,3.0,0.5,0.0,0.0
2.33,3.0,0.5,0.0,0.0
2.335,3.0,0.5,0.0,0.0
2.34,3.0,0.5,0.0,0.0
2.345,3.0,0.5,0.0,0.0
2.35,3.0,0.5,0.0,0.0
2.355,3.0,0.5,0.0,0.0
2.36,3.0,0.5,0.0,0.0
2.365,3.0,0.5,0.0,0.0
2.37,3.0,0.5,0.0,0.0
2.375,3.0,0.5,0.0,0.0
2.38,3.0,0.5,0.0,0.0
2.3850000000000002,3.0,0.5,0.0,0.0
2.39,3.0,0.5,0.0,0.0
2.395,3.0,0.5,0.0,0.0
2.4,3.0,0.5,0.0,0.0
2.4050000000000002,3.0,0.5,0.0,0.0
2.41,3.0,0.5,0.0,0.0
2.415,3.0,0.5,0.0,0.0
2.42,3.0,0.5,0.0,0.0
2.4250000000000003,3.0,0.5,0.0,0.0
2.43,3.0,0.5,0.0,0.0
2.435,3.0,0.5,0.0,0.0
2.44,3.0,0.5,0.0,0.0
2.445,3.0,0.5,0.0,0.0
2.45,3.0,0.5,0.0,0.0
2.455,3.0,0.5,0.0,0.0
2.46,3.0,0.5,0.0,0.0
2.465,3.0,0.5,0.0,0.0
2.47,3.0,0.5,0.0,0.0
2.475,3.0,0.5,0.0,0.0
2.48,3.0,0.5,0.0,0.0
